"distribution","algorithm","instances","optimal_matches","optimal_percent","average_ratio"
"sparse","EarliestFinish","125","125","100.0","1.0"
"overlapping","EarliestFinish","125","125","100.0","1.0"
"varied","EarliestFinish","125","125","100.0","1.0"
"clustered","EarliestFinish","125","125","100.0","1.0"
"sparse","EarliestStart","125","122","97.6","0.9973838383838384"
"overlapping","EarliestStart","125","125","100.0","1.0"
"varied","EarliestStart","125","73","58.4","0.8456000000000004"
"clustered","EarliestStart","125","104","83.2","0.9522666666666668"
"sparse","ShortestDuration","125","123","98.4","0.998"
"overlapping","ShortestDuration","125","125","100.0","1.0"
"varied","ShortestDuration","125","118","94.4","0.9817333333333333"
"clustered","ShortestDuration","125","123","98.4","0.996"
"sparse","LatestStart","125","125","100.0","1.0"
"overlapping","LatestStart","125","125","100.0","1.0"
"varied","LatestStart","125","125","100.0","1.0"
"clustered","LatestStart","125","125","100.0","1.0"
