"algorithm","n","repeats","median_ms","min_ms","max_ms"
"EarliestFinish","100","7","0.0146","0.0123","0.0204"
"EarliestStart","100","7","0.0147","0.0128","0.0217"
"ShortestDuration","100","7","0.0284","0.0241","0.0517"
"LatestStart","100","7","0.0181","0.0142","0.0226"
"EarliestFinish","1000","7","0.5504","0.2163","0.9947"
"EarliestStart","1000","7","0.6158","0.4852","1.2012"
"ShortestDuration","1000","7","0.8815","0.4791","1.2997"
"LatestStart","1000","7","0.6522","0.5321","0.9504"
"EarliestFinish","10000","7","3.4404","2.7298","5.0022"
"EarliestStart","10000","7","2.8803","2.6382","6.9659"
"ShortestDuration","10000","7","7.6986","6.284","11.2922"
"LatestStart","10000","7","2.8621","2.6878","4.7574"
"EarliestFinish","100000","7","49.5415","40.5149","66.417"
"EarliestStart","100000","7","55.7237","44.1969","62.0597"
"ShortestDuration","100000","7","120.3162","101.6313","134.2311"
"LatestStart","100000","7","52.2463","42.1539","63.3318"
