"algorithm","n","seed","repeat","elapsed_ns","selected_size"
"EarliestFinish","100","60602126","0","15400","23"
"EarliestStart","100","60602126","0","21700","15"
"ShortestDuration","100","60602126","0","35300","23"
"LatestStart","100","60602126","0","19200","23"
"EarliestStart","100","60602126","1","20500","15"
"ShortestDuration","100","60602126","1","33400","23"
"LatestStart","100","60602126","1","18100","23"
"EarliestFinish","100","60602126","1","15700","23"
"ShortestDuration","100","60602126","2","26900","23"
"LatestStart","100","60602126","2","16000","23"
"EarliestFinish","100","60602126","2","13700","23"
"EarliestStart","100","60602126","2","14700","15"
"LatestStart","100","60602126","3","19300","23"
"EarliestFinish","100","60602126","3","13700","23"
"EarliestStart","100","60602126","3","13700","15"
"ShortestDuration","100","60602126","3","28400","23"
"EarliestFinish","100","60602126","4","14600","23"
"EarliestStart","100","60602126","4","12800","15"
"ShortestDuration","100","60602126","4","25300","23"
"LatestStart","100","60602126","4","14800","23"
"EarliestStart","100","60602126","5","13200","15"
"ShortestDuration","100","60602126","5","24100","23"
"LatestStart","100","60602126","5","14200","23"
"EarliestFinish","100","60602126","5","12300","23"
"ShortestDuration","100","60602126","6","51700","23"
"LatestStart","100","60602126","6","22600","23"
"EarliestFinish","100","60602126","6","20400","23"
"EarliestStart","100","60602126","6","17000","15"
"EarliestFinish","1000","60603026","0","216300","258"
"EarliestStart","1000","60603026","0","510000","171"
"ShortestDuration","1000","60603026","0","479100","258"
"LatestStart","1000","60603026","0","950400","258"
"EarliestStart","1000","60603026","1","662100","171"
"ShortestDuration","1000","60603026","1","1299700","258"
"LatestStart","1000","60603026","1","762900","258"
"EarliestFinish","1000","60603026","1","721600","258"
"ShortestDuration","1000","60603026","2","1070600","258"
"LatestStart","1000","60603026","2","532100","258"
"EarliestFinish","1000","60603026","2","492700","258"
"EarliestStart","1000","60603026","2","518500","171"
"LatestStart","1000","60603026","3","652200","258"
"EarliestFinish","1000","60603026","3","994700","258"
"EarliestStart","1000","60603026","3","868600","171"
"ShortestDuration","1000","60603026","3","1098700","258"
"EarliestFinish","1000","60603026","4","492400","258"
"EarliestStart","1000","60603026","4","485200","171"
"ShortestDuration","1000","60603026","4","830600","258"
"LatestStart","1000","60603026","4","710600","258"
"EarliestStart","1000","60603026","5","615800","171"
"ShortestDuration","1000","60603026","5","881500","258"
"LatestStart","1000","60603026","5","637400","258"
"EarliestFinish","1000","60603026","5","609800","258"
"ShortestDuration","1000","60603026","6","874400","258"
"LatestStart","1000","60603026","6","561800","258"
"EarliestFinish","1000","60603026","6","550400","258"
"EarliestStart","1000","60603026","6","1201200","171"
"EarliestFinish","10000","60612026","0","5002200","2530"
"EarliestStart","10000","60612026","0","4803100","1703"
"ShortestDuration","10000","60612026","0","11149000","2500"
"LatestStart","10000","60612026","0","4487300","2530"
"EarliestStart","10000","60612026","1","6965900","1703"
"ShortestDuration","10000","60612026","1","9436600","2500"
"LatestStart","10000","60612026","1","4757400","2530"
"EarliestFinish","10000","60612026","1","2983800","2530"
"ShortestDuration","10000","60612026","2","11292200","2500"
"LatestStart","10000","60612026","2","4206200","2530"
"EarliestFinish","10000","60612026","2","3607800","2530"
"EarliestStart","10000","60612026","2","4758100","1703"
"LatestStart","10000","60612026","3","2862100","2530"
"EarliestFinish","10000","60612026","3","3504200","2530"
"EarliestStart","10000","60612026","3","2880300","1703"
"ShortestDuration","10000","60612026","3","7698600","2500"
"EarliestFinish","10000","60612026","4","2989600","2530"
"EarliestStart","10000","60612026","4","2665600","1703"
"ShortestDuration","10000","60612026","4","6318000","2500"
"LatestStart","10000","60612026","4","2803300","2530"
"EarliestStart","10000","60612026","5","2638200","1703"
"ShortestDuration","10000","60612026","5","6284000","2500"
"LatestStart","10000","60612026","5","2687800","2530"
"EarliestFinish","10000","60612026","5","2729800","2530"
"ShortestDuration","10000","60612026","6","6413500","2500"
"LatestStart","10000","60612026","6","2769600","2530"
"EarliestFinish","10000","60612026","6","3440400","2530"
"EarliestStart","10000","60612026","6","2752200","1703"
"EarliestFinish","100000","60702026","0","40514900","25234"
"EarliestStart","100000","60702026","0","44196900","16912"
"ShortestDuration","100000","60702026","0","129872500","24898"
"LatestStart","100000","60702026","0","49849300","25234"
"EarliestStart","100000","60702026","1","62059700","16912"
"ShortestDuration","100000","60702026","1","114984800","24898"
"LatestStart","100000","60702026","1","63331800","25234"
"EarliestFinish","100000","60702026","1","66417000","25234"
"ShortestDuration","100000","60702026","2","101631300","24898"
"LatestStart","100000","60702026","2","55125300","25234"
"EarliestFinish","100000","60702026","2","54351200","25234"
"EarliestStart","100000","60702026","2","54895000","16912"
"LatestStart","100000","60702026","3","58033100","25234"
"EarliestFinish","100000","60702026","3","49541500","25234"
"EarliestStart","100000","60702026","3","61458400","16912"
"ShortestDuration","100000","60702026","3","134231100","24898"
"EarliestFinish","100000","60702026","4","47897300","25234"
"EarliestStart","100000","60702026","4","45024800","16912"
"ShortestDuration","100000","60702026","4","120316200","24898"
"LatestStart","100000","60702026","4","42153900","25234"
"EarliestStart","100000","60702026","5","60021100","16912"
"ShortestDuration","100000","60702026","5","132659200","24898"
"LatestStart","100000","60702026","5","52246300","25234"
"EarliestFinish","100000","60702026","5","52019400","25234"
"ShortestDuration","100000","60702026","6","119820500","24898"
"LatestStart","100000","60702026","6","50376400","25234"
"EarliestFinish","100000","60702026","6","43616300","25234"
"EarliestStart","100000","60702026","6","55723700","16912"
